[{"id":1, "email":"jesus@meetgrid.com", "password":"leonhart", "role":1, "name":"Jesus", "age":0, "gender":"", "area":"", "pic":"", "description":""},
 {"id":2, "email":"chema@meetgrid.com", "password":"silverhand", "role":1, "name":"Chema", "age":0, "gender":"", "area":"", "pic":"", "description":""},
 {"id":3, "email":"prueba", "password":"prueba", "role":2, "name":"Prueba", "age":31, "gender":"H", "area":"Sevilla", "pic":"https://firebasestorage.googleapis.com/v0/b/meetgridalixar.appspot.com/o/images%2F1231604958342628?alt=media&token=e108b2c0-cc95-486d-8a44-1468297bd251", "description":"<p><b>EL VERDADERO ADMIN</b></p><p><b><br></b></p><p><b><br></b></p><p style=\"text-align: right; \">...o no.</p>"},
 {"id":4, "email":"cloud@meetgrid.com", "password":"AVALANCHA", "role":2, "name":"Cloud", "age":21, "gender":"H", "area":"Madrid", "pic":"https://static1-www.millenium.gg/articles/3/11/01/3/@/124281-cloud-avatar3-full-1.jpg", "description":"Omnil\u00e1tigo."},
 {"id":5, "email":"tifa@meetgrid.com", "password":"7Cielo", "role":2, "name":"Tifa", "age":23, "gender":"M", "area":"Madrid", "pic":"https://static1-www.millenium.gg/articles/3/11/01/3/@/124311-tifa-avatar1-full-1.jpg", "description":"Shiva."},
 {"id":6, "email":"aeris@meetgrid.com", "password":"Florista7", "role":2, "name":"Aeris", "age":25, "gender":"M", "area":"Madrid", "pic":"https://static1-www.millenium.gg/articles/3/11/01/3/@/124323-aerith-avatar1-full-1.jpg", "description":"Anciana."},
 {"id":7, "email":"admin", "password":"admin", "role":1, "name":"AdminPrueba", "age":0, "gender":"", "area":"", "pic":"", "description":""},
 {"id":10, "email":"caith@meetgrid.com", "password":"Shinra", "role":2, "name":"Cait_Sith", "age":30, "gender":"N", "area":"Sevilla", "pic":"https://dissidiadb.com/static/img/cait_sith.c822d00.png", "description":"Shhhhh!"},
 {"id":12, "email":"barret@meetgrid.com", "password":"Marlene", "role":2, "name":"Barret", "age":32, "gender":"H", "area":"Teruel", "pic":"https://static1-www.millenium.gg/articles/3/11/01/3/@/124302-barret-avatar2-full-1.jpg", "description":"Tengo una hija."},
 {"id":16, "email":"carlos@meetgrid.com", "password":"Brasil", "role":2, "name":"Carlos_Oliveira", "age":25, "gender":"H", "area":"Cuenca", "pic":"https://firebasestorage.googleapis.com/v0/b/meetgridalixar.appspot.com/o/images%2F1231604701972190?alt=media&token=c3aeb069-73dc-478f-b588-b6f2a78a7a17", "description":"<p>NO SOY <b>ESPIA</b></p>"},
 {"id":17, "email":"jill@meetgrid.com", "password":"Raccoon", "role":2, "name":"Jill_Valentine", "age":23, "gender":"M", "area":"Cuenca", "pic":"https://pbs.twimg.com/media/EYDkSljXQAcIUHk.jpg", "description":"STARS"},
 {"id":18, "email":"leon@meetgrid.com", "password":"Police", "role":2, "name":"Leon_Kennedy", "age":21, "gender":"H", "area":"Cuenca", "pic":"https://pbs.twimg.com/profile_images/1107340557943259138/o5dHqbA0_400x400.jpg", "description":"RPD"},
 {"id":19, "email":"claire@meetgrid.com", "password":"Harley98", "role":2, "name":"Claire_Redfield", "age":19, "gender":"M", "area":"Cuenca", "pic":"https://movieleatherjackets.com/wp-content/uploads/2020/01/Resident-Evil-2-Claire-Redfield-Jacket02.jpg", "description":"<p>-Motos.</p><p>-Activismo.</p><p>-Chris si me lees, <b><u>contacta conmigo.</u></b></p>"},
 {"id":20, "email":"pruebaimagen@meetgrid.com", "password":"123456", "role":2, "name":"PruebaImagen", "age":20, "gender":"N", "area":"C\u00f3rdoba", "pic":"https://firebasestorage.googleapis.com/v0/b/meetgridalixar.appspot.com/o/images%2F1231604702098991?alt=media&token=6afbf321-a0d5-4cd1-9479-f4788a35bd90", "description":"<p>Te lo modifico</p>"}]